Guto Xavier,Nova Odessa,555555545
Jo√£o Rodrigues,Americana,(19)999999999
Cleiton da Silva,Campinas,19 98360-9999
Ana Lucia,Piracicaba,1998666-2022
Ana Lucia,Piracicaba,19986662022
Ana Lucia,Piracicaba,AL,19986662022
Ana Lucia,ana.lucia@gmail.com,Piracicaba,AL,19986662022
Cleiton da Silva,cleiton@gmail.com,Campinas,BA,19983609999
Cleiton da Silva,cleiton@gmail.com,Campinas,BA,19983609999
Cleiton da Silva,cleiton@gmail.com,Campinas,BA,19983609999
Ana Lucia,ana.lucia@gmail.com,Piracicaba,AL,19986662022
Cleiton da Silva,cleiton@gmail.com,Campinas,BA,19983609999
